user_id,video_id,event,timestamp,video_duration,device,country,age,retention_ratio,completed
1,8,stop,375,442,Tablet,Italy,19,0.8484162895927602,0
2,11,stop,716,992,Mobile,Morocco,31,0.7217741935483871,0
3,4,stop,931,1059,Mobile,Spain,47,0.8791312559017942,0
4,11,complete,992,992,Desktop,Germany,43,1.0,1
5,11,stop,697,992,Desktop,Spain,45,0.7026209677419355,0
6,12,stop,743,1058,Mobile,Morocco,21,0.7022684310018904,0
7,17,complete,332,332,Mobile,France,33,1.0,1
8,16,stop,661,732,Desktop,Italy,26,0.9030054644808743,0
9,7,stop,346,528,Tablet,Germany,26,0.6553030303030303,0
10,18,stop,283,330,Desktop,France,33,0.8575757575757575,0
11,14,stop,255,389,Tablet,Italy,60,0.6555269922879178,0
12,16,stop,480,732,Tablet,Italy,28,0.6557377049180327,0
13,11,stop,792,992,Mobile,Morocco,60,0.7983870967741935,0
14,10,stop,148,404,Tablet,France,26,0.36633663366336633,0
15,7,stop,213,528,Tablet,Spain,31,0.4034090909090909,0
16,14,stop,248,389,Mobile,France,18,0.6375321336760925,0
17,5,stop,318,581,Tablet,France,41,0.5473321858864028,0
18,7,stop,429,528,Tablet,Morocco,60,0.8125,0
19,11,stop,563,992,Mobile,Morocco,35,0.5675403225806451,0
20,17,stop,155,332,Mobile,Italy,39,0.46686746987951805,0
21,9,complete,1054,1054,Desktop,Italy,34,1.0,1
22,13,stop,604,858,Tablet,Morocco,57,0.703962703962704,0
23,11,stop,757,992,Desktop,Morocco,37,0.7631048387096774,0
24,8,stop,205,442,Desktop,Germany,26,0.4638009049773756,0
25,15,stop,579,904,Tablet,Italy,45,0.6404867256637168,0
26,7,stop,407,528,Desktop,Germany,44,0.7708333333333334,0
27,13,stop,445,858,Mobile,France,40,0.5186480186480187,0
28,13,stop,707,858,Tablet,Morocco,47,0.824009324009324,0
29,18,stop,207,330,Desktop,Spain,32,0.6272727272727273,0
30,5,stop,401,581,Desktop,Morocco,48,0.6901893287435457,0
31,6,stop,346,550,Mobile,France,55,0.6290909090909091,0
32,10,complete,404,404,Tablet,Italy,25,1.0,1
33,4,stop,791,1059,Mobile,Spain,58,0.7469310670443815,0
34,13,stop,461,858,Mobile,France,49,0.5372960372960373,0
35,14,stop,355,389,Mobile,Italy,33,0.9125964010282777,0
36,19,stop,199,395,Mobile,Germany,53,0.5037974683544304,0
37,10,stop,319,404,Mobile,Morocco,25,0.7896039603960396,0
38,19,stop,141,395,Tablet,Italy,36,0.3569620253164557,0
39,18,stop,159,330,Desktop,Spain,20,0.4818181818181818,0
40,4,stop,835,1059,Desktop,Italy,36,0.7884796978281398,0
41,2,stop,371,414,Tablet,France,31,0.8961352657004831,0
42,10,stop,316,404,Tablet,Germany,22,0.7821782178217822,0
43,9,stop,766,1054,Desktop,France,21,0.7267552182163188,0
44,19,stop,272,395,Desktop,Morocco,48,0.6886075949367089,0
45,16,stop,332,732,Mobile,Germany,39,0.453551912568306,0
46,4,stop,641,1059,Mobile,Italy,18,0.6052880075542965,0
47,1,stop,627,954,Tablet,Germany,23,0.6572327044025157,0
48,5,complete,558,581,Desktop,Spain,44,0.9604130808950087,1
49,8,stop,361,442,Tablet,Germany,32,0.8167420814479638,0
50,2,stop,164,414,Desktop,Italy,55,0.3961352657004831,0
51,1,stop,777,954,Tablet,Morocco,44,0.8144654088050315,0
52,4,stop,712,1059,Tablet,France,46,0.67233238904627,0
53,15,stop,555,904,Mobile,Italy,28,0.6139380530973452,0
54,1,stop,832,954,Tablet,France,56,0.8721174004192872,0
55,18,complete,315,330,Mobile,Italy,50,0.9545454545454546,1
56,11,stop,928,992,Desktop,Germany,22,0.9354838709677419,0
57,2,stop,241,414,Mobile,Germany,25,0.5821256038647343,0
58,18,stop,227,330,Mobile,Italy,27,0.6878787878787879,0
59,9,stop,860,1054,Desktop,Spain,31,0.8159392789373814,0
60,5,stop,549,581,Tablet,France,35,0.9449225473321858,0
61,12,stop,692,1058,Tablet,Italy,24,0.6540642722117203,0
62,13,stop,611,858,Tablet,Italy,36,0.7121212121212122,0
63,11,stop,524,992,Tablet,Spain,41,0.5282258064516129,0
64,14,stop,198,389,Tablet,France,36,0.5089974293059126,0
65,12,stop,965,1058,Desktop,Spain,54,0.9120982986767486,0
66,20,complete,523,523,Desktop,France,27,1.0,1
67,5,stop,427,581,Mobile,Spain,38,0.7349397590361446,0
68,3,complete,308,325,Mobile,Italy,45,0.9476923076923077,1
69,12,stop,870,1058,Desktop,Germany,24,0.8223062381852552,0
70,20,stop,324,523,Mobile,Spain,27,0.6195028680688337,0
71,3,stop,267,325,Tablet,Italy,50,0.8215384615384616,0
72,7,complete,528,528,Mobile,Italy,48,1.0,1
73,20,stop,388,523,Desktop,Spain,22,0.7418738049713193,0
74,10,complete,404,404,Tablet,Germany,26,1.0,1
75,17,stop,75,332,Mobile,France,41,0.22590361445783133,0
76,16,stop,669,732,Desktop,Morocco,26,0.9139344262295082,0
77,8,stop,339,442,Mobile,Italy,36,0.7669683257918553,0
78,19,stop,272,395,Mobile,Germany,36,0.6886075949367089,0
79,9,stop,809,1054,Desktop,Germany,41,0.7675521821631879,0
80,16,stop,258,732,Tablet,Morocco,48,0.3524590163934426,0
81,4,stop,747,1059,Mobile,Morocco,37,0.7053824362606232,0
82,13,stop,704,858,Mobile,Spain,19,0.8205128205128205,0
83,7,complete,528,528,Desktop,Spain,37,1.0,1
84,11,stop,641,992,Desktop,Germany,49,0.6461693548387096,0
85,2,stop,243,414,Desktop,Germany,41,0.5869565217391305,0
86,8,stop,287,442,Tablet,Spain,41,0.6493212669683258,0
87,11,stop,925,992,Tablet,Spain,33,0.9324596774193549,0
88,5,stop,473,581,Desktop,Germany,19,0.8141135972461274,0
89,3,stop,209,325,Mobile,Germany,51,0.6430769230769231,0
90,5,stop,495,581,Mobile,Italy,21,0.8519793459552496,0
91,20,stop,402,523,Tablet,France,50,0.768642447418738,0
92,1,stop,900,954,Desktop,France,59,0.9433962264150944,0
93,17,stop,202,332,Tablet,France,38,0.608433734939759,0
94,20,stop,357,523,Mobile,Morocco,28,0.6826003824091779,0
95,15,stop,607,904,Desktop,Morocco,55,0.6714601769911505,0
96,9,stop,481,1054,Tablet,Italy,25,0.45635673624288425,0
97,20,stop,423,523,Mobile,Morocco,43,0.8087954110898662,0
98,1,stop,765,954,Tablet,Germany,34,0.8018867924528302,0
99,2,stop,310,414,Tablet,Morocco,51,0.748792270531401,0
100,9,stop,741,1054,Tablet,Germany,30,0.7030360531309298,0
101,15,stop,422,904,Tablet,Spain,48,0.4668141592920354,0
102,14,stop,259,389,Mobile,Germany,24,0.6658097686375322,0
103,16,stop,498,732,Mobile,Morocco,36,0.680327868852459,0
104,6,stop,324,550,Tablet,Spain,20,0.5890909090909091,0
105,4,stop,760,1059,Mobile,Morocco,47,0.7176581680830972,0
106,19,stop,328,395,Desktop,Spain,59,0.830379746835443,0
107,4,complete,1059,1059,Tablet,Spain,41,1.0,1
108,16,stop,574,732,Desktop,Italy,46,0.7841530054644809,0
109,2,stop,331,414,Mobile,Germany,29,0.7995169082125604,0
110,13,stop,630,858,Mobile,France,60,0.7342657342657343,0
111,4,stop,387,1059,Desktop,Germany,57,0.3654390934844193,0
112,2,stop,308,414,Mobile,Germany,32,0.7439613526570048,0
113,19,stop,301,395,Tablet,Spain,33,0.7620253164556962,0
114,6,complete,550,550,Tablet,Germany,53,1.0,1
115,14,stop,276,389,Tablet,Italy,26,0.7095115681233933,0
116,20,stop,423,523,Tablet,France,22,0.8087954110898662,0
117,4,stop,786,1059,Tablet,Germany,33,0.7422096317280453,0
118,14,stop,200,389,Mobile,Morocco,30,0.5141388174807198,0
119,11,complete,970,992,Mobile,Germany,59,0.9778225806451613,1
120,1,stop,858,954,Desktop,Italy,35,0.89937106918239,0
121,6,stop,499,550,Desktop,Germany,45,0.9072727272727272,0
122,9,stop,598,1054,Tablet,Italy,60,0.5673624288425048,0
123,3,complete,325,325,Tablet,Spain,21,1.0,1
124,9,stop,494,1054,Mobile,Germany,32,0.4686907020872865,0
125,10,stop,350,404,Mobile,Spain,35,0.8663366336633663,0
126,13,complete,858,858,Desktop,Italy,33,1.0,1
127,20,stop,288,523,Desktop,Spain,38,0.5506692160611855,0
128,13,stop,546,858,Mobile,Germany,41,0.6363636363636364,0
129,14,stop,299,389,Tablet,Germany,26,0.7686375321336761,0
130,18,stop,214,330,Tablet,Germany,52,0.6484848484848484,0
131,8,stop,194,442,Tablet,Spain,28,0.43891402714932126,0
132,11,stop,757,992,Mobile,France,18,0.7631048387096774,0
133,4,stop,569,1059,Mobile,Germany,38,0.5372993389990557,0
134,20,stop,441,523,Desktop,Germany,55,0.8432122370936902,0
135,4,stop,599,1059,Mobile,Germany,51,0.5656279508970727,0
136,13,complete,858,858,Mobile,Morocco,49,1.0,1
137,19,stop,234,395,Tablet,Germany,53,0.5924050632911393,0
138,2,stop,283,414,Tablet,Germany,52,0.6835748792270532,0
139,7,stop,481,528,Tablet,Italy,40,0.9109848484848485,0
140,17,stop,167,332,Tablet,France,26,0.5030120481927711,0
141,5,stop,462,581,Tablet,Morocco,33,0.7951807228915663,0
142,17,complete,332,332,Tablet,Spain,41,1.0,1
143,12,stop,453,1058,Desktop,Italy,43,0.4281663516068053,0
144,15,stop,711,904,Desktop,France,28,0.786504424778761,0
145,1,stop,765,954,Desktop,Germany,22,0.8018867924528302,0
146,6,stop,498,550,Mobile,Spain,31,0.9054545454545454,0
147,20,stop,262,523,Tablet,Italy,36,0.5009560229445507,0
148,10,stop,196,404,Tablet,France,33,0.48514851485148514,0
149,1,stop,815,954,Mobile,Spain,26,0.8542976939203354,0
150,5,stop,470,581,Tablet,Spain,43,0.8089500860585198,0
151,20,stop,418,523,Desktop,Spain,60,0.7992351816443595,0
152,5,stop,476,581,Tablet,Spain,25,0.8192771084337349,0
153,4,stop,650,1059,Tablet,France,32,0.6137865911237016,0
154,12,stop,842,1058,Desktop,Italy,21,0.7958412098298677,0
155,8,stop,357,442,Tablet,Spain,58,0.8076923076923077,0
156,2,stop,251,414,Desktop,Italy,44,0.606280193236715,0
157,13,complete,858,858,Desktop,Italy,54,1.0,1
158,20,stop,441,523,Desktop,Morocco,38,0.8432122370936902,0
159,5,stop,297,581,Desktop,France,21,0.5111876075731497,0
160,3,stop,286,325,Tablet,Italy,34,0.88,0
161,2,stop,229,414,Mobile,France,28,0.5531400966183575,0
162,14,stop,352,389,Desktop,Spain,31,0.9048843187660668,0
163,2,complete,406,414,Desktop,Spain,42,0.9806763285024155,1
164,17,stop,194,332,Mobile,Germany,35,0.5843373493975904,0
165,2,stop,390,414,Mobile,Italy,40,0.9420289855072463,0
166,13,stop,714,858,Mobile,Morocco,29,0.8321678321678322,0
167,6,stop,502,550,Mobile,France,19,0.9127272727272727,0
168,11,complete,992,992,Desktop,Italy,57,1.0,1
169,15,stop,633,904,Desktop,Spain,31,0.7002212389380531,0
170,13,stop,514,858,Desktop,France,53,0.5990675990675991,0
171,18,stop,188,330,Mobile,Spain,37,0.5696969696969697,0
172,3,stop,190,325,Mobile,Italy,48,0.5846153846153846,0
173,13,stop,630,858,Mobile,Germany,60,0.7342657342657343,0
174,17,stop,271,332,Mobile,Italy,48,0.8162650602409639,0
175,17,stop,267,332,Tablet,Italy,27,0.8042168674698795,0
176,5,stop,531,581,Tablet,Spain,38,0.9139414802065404,0
177,4,stop,797,1059,Mobile,Morocco,27,0.7525967894239849,0
178,8,complete,442,442,Desktop,Germany,35,1.0,1
179,11,stop,691,992,Mobile,Germany,56,0.6965725806451613,0
180,15,complete,904,904,Desktop,Spain,30,1.0,1
181,1,stop,834,954,Mobile,Morocco,59,0.8742138364779874,0
182,4,stop,612,1059,Mobile,France,39,0.5779036827195467,0
183,13,stop,459,858,Mobile,France,55,0.534965034965035,0
184,10,stop,341,404,Desktop,Italy,29,0.844059405940594,0
185,12,stop,746,1058,Desktop,Spain,44,0.7051039697542533,0
186,6,stop,491,550,Desktop,Germany,39,0.8927272727272727,0
187,7,stop,445,528,Tablet,Spain,18,0.8428030303030303,0
188,10,stop,297,404,Mobile,Italy,56,0.7351485148514851,0
189,7,stop,306,528,Desktop,Germany,19,0.5795454545454546,0
190,20,stop,233,523,Desktop,Italy,21,0.44550669216061184,0
191,13,stop,566,858,Desktop,Italy,34,0.6596736596736597,0
192,7,stop,486,528,Mobile,Italy,30,0.9204545454545454,0
193,8,stop,350,442,Mobile,Spain,34,0.7918552036199095,0
194,6,stop,275,550,Mobile,Spain,46,0.5,0
195,16,stop,574,732,Mobile,Morocco,25,0.7841530054644809,0
196,5,stop,480,581,Mobile,Germany,25,0.8261617900172117,0
197,17,stop,190,332,Tablet,Italy,24,0.572289156626506,0
198,18,stop,257,330,Tablet,France,18,0.7787878787878788,0
199,11,stop,755,992,Desktop,Spain,35,0.7610887096774194,0
200,8,stop,230,442,Mobile,Spain,53,0.5203619909502263,0
201,8,stop,363,442,Desktop,Spain,40,0.8212669683257918,0
202,14,stop,335,389,Desktop,Spain,57,0.8611825192802056,0
203,19,complete,381,395,Desktop,Germany,47,0.9645569620253165,1
204,6,complete,528,550,Tablet,Italy,29,0.96,1
205,17,stop,157,332,Mobile,Italy,38,0.47289156626506024,0
206,10,stop,227,404,Tablet,Spain,26,0.5618811881188119,0
207,18,stop,281,330,Mobile,Italy,54,0.8515151515151516,0
208,1,stop,813,954,Tablet,France,19,0.8522012578616353,0
209,10,stop,344,404,Tablet,France,42,0.8514851485148515,0
210,15,complete,904,904,Desktop,Spain,55,1.0,1
211,17,stop,286,332,Desktop,Germany,52,0.8614457831325302,0
212,1,complete,932,954,Desktop,Spain,46,0.9769392033542977,1
213,14,stop,365,389,Desktop,Morocco,52,0.9383033419023136,0
214,9,stop,927,1054,Tablet,France,54,0.8795066413662239,0
215,18,stop,226,330,Mobile,Morocco,37,0.6848484848484848,0
216,1,stop,860,954,Tablet,Italy,27,0.9014675052410901,0
217,3,stop,193,325,Mobile,France,30,0.5938461538461538,0
218,4,stop,744,1059,Mobile,Italy,22,0.7025495750708215,0
219,16,stop,477,732,Mobile,Germany,40,0.6516393442622951,0
220,1,stop,731,954,Tablet,France,55,0.7662473794549266,0
221,20,complete,523,523,Tablet,Morocco,50,1.0,1
222,11,stop,373,992,Desktop,Italy,58,0.37600806451612906,0
223,9,stop,935,1054,Mobile,Morocco,51,0.8870967741935484,0
224,19,stop,168,395,Desktop,Morocco,58,0.4253164556962025,0
225,17,stop,217,332,Mobile,Italy,54,0.6536144578313253,0
226,7,complete,510,528,Mobile,Italy,48,0.9659090909090909,1
227,13,stop,654,858,Desktop,France,19,0.7622377622377622,0
228,1,stop,509,954,Tablet,Germany,51,0.5335429769392034,0
229,8,stop,268,442,Desktop,Spain,56,0.6063348416289592,0
230,7,stop,467,528,Tablet,Spain,44,0.884469696969697,0
231,16,stop,442,732,Mobile,Spain,54,0.6038251366120219,0
232,20,stop,414,523,Tablet,France,28,0.7915869980879541,0
233,20,stop,397,523,Tablet,Italy,36,0.7590822179732314,0
234,20,stop,324,523,Tablet,Italy,32,0.6195028680688337,0
235,1,complete,954,954,Tablet,France,23,1.0,1
236,8,stop,387,442,Mobile,Germany,47,0.8755656108597285,0
237,9,stop,363,1054,Desktop,Spain,23,0.3444022770398482,0
238,7,stop,415,528,Mobile,Morocco,33,0.7859848484848485,0
239,18,stop,203,330,Desktop,Germany,41,0.6151515151515151,0
240,19,stop,363,395,Mobile,Germany,29,0.9189873417721519,0
241,6,stop,325,550,Mobile,France,51,0.5909090909090909,0
242,16,stop,532,732,Mobile,Morocco,44,0.726775956284153,0
243,5,stop,494,581,Mobile,France,29,0.8502581755593803,0
244,4,stop,977,1059,Mobile,Spain,34,0.9225684608120869,0
245,3,stop,165,325,Desktop,Morocco,39,0.5076923076923077,0
246,9,stop,719,1054,Mobile,Spain,55,0.6821631878557874,0
247,3,stop,212,325,Tablet,Germany,37,0.6523076923076923,0
248,11,stop,614,992,Mobile,Germany,52,0.6189516129032258,0
249,14,complete,389,389,Mobile,Morocco,37,1.0,1
250,10,stop,335,404,Tablet,Morocco,18,0.8292079207920792,0
251,17,stop,165,332,Tablet,Spain,36,0.49698795180722893,0
252,5,stop,542,581,Mobile,France,58,0.9328743545611016,0
253,15,complete,904,904,Tablet,France,39,1.0,1
254,18,complete,315,330,Tablet,France,34,0.9545454545454546,1
255,1,stop,425,954,Desktop,Italy,48,0.44549266247379454,0
256,8,stop,288,442,Mobile,Italy,59,0.6515837104072398,0
257,18,complete,330,330,Mobile,Italy,49,1.0,1
258,3,stop,197,325,Tablet,Morocco,46,0.6061538461538462,0
259,12,stop,887,1058,Tablet,Morocco,38,0.8383742911153119,0
260,3,stop,294,325,Mobile,France,41,0.9046153846153846,0
261,3,stop,183,325,Mobile,France,31,0.563076923076923,0
262,8,stop,326,442,Tablet,Morocco,53,0.7375565610859729,0
263,6,stop,55,550,Desktop,Italy,43,0.1,0
264,18,stop,179,330,Tablet,Germany,40,0.5424242424242425,0
265,11,stop,693,992,Tablet,Morocco,54,0.6985887096774194,0
266,17,stop,166,332,Tablet,Italy,54,0.5,0
267,19,complete,395,395,Desktop,Morocco,34,1.0,1
268,19,stop,183,395,Desktop,Italy,59,0.46329113924050636,0
269,11,stop,656,992,Mobile,Germany,44,0.6612903225806451,0
270,15,stop,701,904,Tablet,Italy,50,0.7754424778761062,0
271,14,complete,389,389,Mobile,Italy,23,1.0,1
272,8,stop,204,442,Desktop,Spain,27,0.46153846153846156,0
273,10,complete,396,404,Desktop,Spain,25,0.9801980198019802,1
274,17,stop,249,332,Desktop,Spain,28,0.75,0
275,12,stop,585,1058,Desktop,France,36,0.552930056710775,0
276,6,stop,463,550,Desktop,Spain,40,0.8418181818181818,0
277,5,stop,458,581,Desktop,Germany,51,0.7882960413080895,0
278,5,stop,366,581,Mobile,Italy,26,0.6299483648881239,0
279,5,stop,443,581,Tablet,France,38,0.7624784853700516,0
280,20,stop,351,523,Tablet,Spain,56,0.6711281070745698,0
281,12,stop,817,1058,Desktop,Germany,49,0.7722117202268431,0
282,19,stop,348,395,Tablet,Italy,51,0.8810126582278481,0
283,18,complete,330,330,Mobile,France,53,1.0,1
284,20,stop,262,523,Desktop,Italy,27,0.5009560229445507,0
285,18,complete,330,330,Desktop,Germany,44,1.0,1
286,6,stop,197,550,Tablet,France,23,0.35818181818181816,0
287,17,stop,238,332,Tablet,Morocco,42,0.7168674698795181,0
288,5,stop,504,581,Desktop,France,44,0.8674698795180723,0
289,14,stop,313,389,Mobile,France,56,0.8046272493573264,0
290,5,stop,363,581,Desktop,Italy,56,0.6247848537005164,0
291,19,stop,279,395,Mobile,France,23,0.7063291139240506,0
292,4,stop,689,1059,Tablet,Spain,39,0.6506137865911237,0
293,17,stop,209,332,Tablet,Germany,49,0.6295180722891566,0
294,4,stop,974,1059,Tablet,Morocco,57,0.9197355996222851,0
295,14,stop,319,389,Tablet,France,51,0.8200514138817481,0
296,12,stop,646,1058,Desktop,Morocco,35,0.610586011342155,0
297,10,stop,375,404,Desktop,Italy,37,0.9282178217821783,0
298,17,stop,269,332,Mobile,Spain,27,0.8102409638554217,0
299,17,stop,302,332,Desktop,France,37,0.9096385542168675,0
300,10,stop,353,404,Desktop,Italy,37,0.8737623762376238,0
301,18,stop,192,330,Tablet,France,31,0.5818181818181818,0
302,19,stop,251,395,Desktop,Morocco,22,0.6354430379746835,0
303,19,stop,355,395,Tablet,Germany,57,0.8987341772151899,0
304,19,stop,344,395,Desktop,France,47,0.8708860759493671,0
305,11,stop,739,992,Mobile,Germany,49,0.7449596774193549,0
306,14,stop,300,389,Tablet,Spain,52,0.7712082262210797,0
307,11,complete,992,992,Tablet,France,46,1.0,1
308,12,stop,668,1058,Desktop,Italy,18,0.6313799621928167,0
309,18,stop,283,330,Mobile,Spain,44,0.8575757575757575,0
310,14,stop,276,389,Desktop,France,26,0.7095115681233933,0
311,14,stop,274,389,Tablet,Morocco,47,0.7043701799485861,0
312,8,complete,428,442,Tablet,Italy,35,0.9683257918552036,1
313,9,stop,964,1054,Mobile,Italy,23,0.9146110056925996,0
314,16,stop,668,732,Tablet,Morocco,54,0.912568306010929,0
315,8,complete,442,442,Mobile,Morocco,51,1.0,1
316,6,stop,414,550,Desktop,Italy,40,0.7527272727272727,0
317,14,stop,344,389,Desktop,Spain,46,0.884318766066838,0
318,11,stop,682,992,Mobile,Spain,24,0.6875,0
319,7,stop,430,528,Tablet,France,25,0.8143939393939394,0
320,9,stop,763,1054,Mobile,Spain,34,0.7239089184060721,0
321,16,stop,563,732,Desktop,France,20,0.7691256830601093,0
322,16,stop,636,732,Desktop,Italy,52,0.8688524590163934,0
323,12,stop,620,1058,Mobile,France,58,0.5860113421550095,0
324,18,complete,330,330,Desktop,Italy,32,1.0,1
325,5,stop,318,581,Desktop,Morocco,58,0.5473321858864028,0
326,20,stop,265,523,Desktop,France,30,0.5066921606118547,0
327,18,complete,323,330,Desktop,Spain,31,0.9787878787878788,1
328,19,stop,358,395,Desktop,Morocco,24,0.9063291139240506,0
329,16,stop,640,732,Tablet,Morocco,31,0.8743169398907104,0
330,18,stop,288,330,Tablet,Morocco,47,0.8727272727272727,0
331,2,stop,309,414,Desktop,Spain,36,0.7463768115942029,0
332,15,stop,515,904,Tablet,Italy,38,0.5696902654867256,0
333,15,stop,691,904,Desktop,Germany,41,0.7643805309734514,0
334,7,stop,324,528,Tablet,Germany,47,0.6136363636363636,0
335,1,stop,901,954,Mobile,France,20,0.9444444444444444,0
336,13,stop,618,858,Desktop,Spain,58,0.7202797202797203,0
337,12,stop,618,1058,Desktop,France,42,0.5841209829867675,0
338,9,stop,722,1054,Tablet,Germany,35,0.6850094876660342,0
339,4,stop,881,1059,Tablet,Morocco,49,0.8319169027384324,0
340,10,stop,257,404,Desktop,Spain,32,0.6361386138613861,0
341,5,stop,340,581,Desktop,Morocco,25,0.5851979345955249,0
342,16,stop,584,732,Desktop,Germany,38,0.7978142076502732,0
343,4,stop,846,1059,Tablet,Germany,20,0.7988668555240793,0
344,12,stop,686,1058,Desktop,Spain,40,0.6483931947069943,0
345,13,stop,562,858,Desktop,France,44,0.655011655011655,0
346,1,stop,759,954,Desktop,Morocco,34,0.7955974842767296,0
347,11,stop,456,992,Mobile,Morocco,40,0.4596774193548387,0
348,6,stop,257,550,Tablet,Spain,38,0.4672727272727273,0
349,12,stop,641,1058,Desktop,France,26,0.6058601134215501,0
350,15,stop,639,904,Desktop,France,26,0.706858407079646,0
351,4,stop,860,1059,Desktop,France,48,0.8120868744098206,0
352,19,complete,395,395,Desktop,France,55,1.0,1
353,19,stop,364,395,Desktop,Germany,24,0.9215189873417722,0
354,2,stop,297,414,Desktop,Spain,49,0.717391304347826,0
355,14,stop,290,389,Desktop,France,48,0.7455012853470437,0
356,13,stop,471,858,Tablet,Italy,24,0.548951048951049,0
357,9,stop,786,1054,Tablet,Germany,40,0.74573055028463,0
358,16,stop,506,732,Mobile,Italy,34,0.6912568306010929,0
359,10,stop,329,404,Tablet,Morocco,49,0.8143564356435643,0
360,16,stop,427,732,Mobile,Italy,28,0.5833333333333334,0
361,11,stop,847,992,Mobile,France,45,0.8538306451612904,0
362,7,complete,528,528,Mobile,Germany,50,1.0,1
363,3,stop,236,325,Tablet,Italy,24,0.7261538461538461,0
364,14,stop,323,389,Tablet,Italy,38,0.8303341902313625,0
365,15,stop,802,904,Mobile,Italy,57,0.8871681415929203,0
366,1,stop,638,954,Desktop,Spain,47,0.6687631027253669,0
367,10,stop,321,404,Desktop,Germany,41,0.7945544554455446,0
368,4,stop,796,1059,Tablet,Italy,51,0.7516525023607177,0
369,1,stop,734,954,Tablet,Italy,20,0.7693920335429769,0
370,9,stop,627,1054,Mobile,France,33,0.594876660341556,0
371,4,stop,799,1059,Desktop,Spain,50,0.7544853635505193,0
372,11,stop,842,992,Mobile,Germany,26,0.8487903225806451,0
373,4,complete,1059,1059,Desktop,Italy,45,1.0,1
374,13,stop,808,858,Tablet,Germany,56,0.9417249417249417,0
375,9,complete,1054,1054,Desktop,Spain,20,1.0,1
376,16,stop,436,732,Desktop,Morocco,25,0.5956284153005464,0
377,3,stop,300,325,Desktop,Germany,24,0.9230769230769231,0
378,4,stop,833,1059,Mobile,Morocco,19,0.7865911237016053,0
379,8,complete,442,442,Mobile,France,19,1.0,1
380,20,stop,307,523,Desktop,Spain,60,0.5869980879541109,0
381,20,stop,304,523,Desktop,Germany,58,0.5812619502868069,0
382,3,stop,204,325,Mobile,Germany,45,0.6276923076923077,0
383,2,stop,134,414,Tablet,France,20,0.32367149758454106,0
384,19,stop,254,395,Mobile,Spain,34,0.6430379746835443,0
385,13,stop,513,858,Desktop,France,44,0.5979020979020979,0
386,1,stop,744,954,Desktop,Germany,25,0.779874213836478,0
387,18,stop,270,330,Desktop,France,37,0.8181818181818182,0
388,1,complete,954,954,Mobile,Italy,33,1.0,1
389,4,stop,995,1059,Mobile,Italy,59,0.939565627950897,0
390,16,stop,464,732,Mobile,Morocco,31,0.6338797814207651,0
391,12,stop,603,1058,Desktop,Italy,35,0.5699432892249527,0
392,4,stop,898,1059,Tablet,France,50,0.8479697828139755,0
393,8,stop,214,442,Desktop,Germany,44,0.4841628959276018,0
394,1,complete,954,954,Mobile,Morocco,18,1.0,1
395,5,complete,572,581,Tablet,Germany,46,0.9845094664371773,1
396,18,stop,216,330,Mobile,Morocco,23,0.6545454545454545,0
397,19,stop,160,395,Mobile,Morocco,37,0.4050632911392405,0
398,17,complete,332,332,Mobile,France,21,1.0,1
399,18,stop,239,330,Tablet,Morocco,40,0.7242424242424242,0
400,8,complete,440,442,Desktop,Spain,51,0.995475113122172,1
401,17,stop,143,332,Mobile,Spain,55,0.4307228915662651,0
402,16,stop,461,732,Tablet,Germany,28,0.6297814207650273,0
403,14,stop,292,389,Desktop,France,41,0.7506426735218509,0
404,14,stop,295,389,Desktop,Spain,36,0.7583547557840618,0
405,11,stop,654,992,Mobile,Germany,56,0.6592741935483871,0
406,1,stop,834,954,Tablet,Spain,53,0.8742138364779874,0
407,1,stop,511,954,Mobile,Germany,29,0.5356394129979035,0
408,14,stop,280,389,Mobile,Spain,42,0.7197943444730077,0
409,4,stop,819,1059,Mobile,France,38,0.773371104815864,0
410,1,stop,813,954,Mobile,Italy,36,0.8522012578616353,0
411,11,stop,885,992,Tablet,Spain,46,0.8921370967741935,0
412,20,stop,274,523,Mobile,Germany,29,0.5239005736137667,0
413,9,stop,467,1054,Tablet,Spain,30,0.4430740037950664,0
414,9,complete,1054,1054,Tablet,Italy,49,1.0,1
415,15,stop,738,904,Mobile,Spain,51,0.8163716814159292,0
416,11,stop,595,992,Mobile,Morocco,24,0.5997983870967742,0
417,5,complete,581,581,Desktop,Germany,21,1.0,1
418,1,stop,737,954,Mobile,Italy,39,0.7725366876310272,0
419,19,complete,389,395,Tablet,Morocco,27,0.9848101265822785,1
420,7,stop,403,528,Desktop,Spain,30,0.7632575757575758,0
421,2,complete,414,414,Mobile,Morocco,18,1.0,1
422,12,complete,1058,1058,Desktop,Italy,25,1.0,1
423,12,stop,740,1058,Mobile,Italy,45,0.6994328922495274,0
424,17,stop,313,332,Mobile,Germany,51,0.9427710843373494,0
425,19,stop,347,395,Tablet,France,31,0.8784810126582279,0
426,3,complete,325,325,Desktop,France,36,1.0,1
427,6,stop,306,550,Mobile,Morocco,34,0.5563636363636364,0
428,9,stop,935,1054,Desktop,France,25,0.8870967741935484,0
429,8,complete,425,442,Desktop,Morocco,48,0.9615384615384616,1
430,18,stop,131,330,Desktop,Spain,26,0.396969696969697,0
431,12,stop,543,1058,Mobile,Morocco,44,0.5132325141776938,0
432,13,stop,293,858,Mobile,Morocco,43,0.3414918414918415,0
433,20,stop,364,523,Mobile,France,29,0.6959847036328872,0
434,16,stop,654,732,Tablet,France,42,0.8934426229508197,0
435,19,complete,395,395,Mobile,Germany,47,1.0,1
436,8,stop,338,442,Desktop,Italy,45,0.7647058823529411,0
437,18,complete,330,330,Mobile,France,31,1.0,1
438,6,stop,260,550,Mobile,Morocco,50,0.4727272727272727,0
439,4,stop,433,1059,Tablet,Morocco,38,0.408876298394712,0
440,3,stop,240,325,Tablet,France,35,0.7384615384615385,0
441,17,stop,274,332,Tablet,France,42,0.8253012048192772,0
442,11,stop,737,992,Desktop,France,32,0.7429435483870968,0
443,7,stop,177,528,Mobile,Spain,56,0.3352272727272727,0
444,19,stop,289,395,Desktop,Spain,24,0.7316455696202532,0
445,6,stop,269,550,Tablet,Spain,60,0.4890909090909091,0
446,1,stop,843,954,Desktop,France,57,0.8836477987421384,0
447,11,stop,816,992,Mobile,Morocco,31,0.8225806451612904,0
448,20,stop,293,523,Desktop,Spain,36,0.5602294455066922,0
449,17,stop,214,332,Tablet,Germany,27,0.6445783132530121,0
450,10,stop,217,404,Tablet,Italy,27,0.5371287128712872,0
451,3,stop,239,325,Mobile,Morocco,48,0.7353846153846154,0
452,14,stop,366,389,Mobile,Spain,42,0.9408740359897172,0
453,14,stop,215,389,Mobile,Spain,50,0.5526992287917738,0
454,14,stop,330,389,Tablet,Morocco,33,0.8483290488431876,0
455,9,stop,678,1054,Desktop,Italy,55,0.6432637571157496,0
456,14,stop,230,389,Tablet,France,24,0.5912596401028277,0
457,10,stop,294,404,Desktop,Morocco,49,0.7277227722772277,0
458,4,stop,574,1059,Mobile,Italy,31,0.5420207743153919,0
459,4,stop,676,1059,Desktop,France,35,0.6383380547686497,0
460,13,stop,437,858,Tablet,France,40,0.5093240093240093,0
461,8,complete,442,442,Mobile,Germany,57,1.0,1
462,11,stop,750,992,Tablet,Germany,32,0.7560483870967742,0
463,10,stop,246,404,Tablet,Italy,47,0.6089108910891089,0
464,4,stop,839,1059,Mobile,France,28,0.7922568460812087,0
465,13,stop,624,858,Tablet,Italy,45,0.7272727272727273,0
466,12,stop,746,1058,Tablet,Morocco,51,0.7051039697542533,0
467,19,stop,344,395,Mobile,Morocco,49,0.8708860759493671,0
468,8,stop,398,442,Tablet,France,29,0.9004524886877828,0
469,13,stop,552,858,Mobile,France,51,0.6433566433566433,0
470,10,stop,256,404,Desktop,Morocco,31,0.6336633663366337,0
471,5,stop,403,581,Mobile,Germany,28,0.693631669535284,0
472,13,stop,248,858,Mobile,Spain,56,0.289044289044289,0
473,9,stop,471,1054,Tablet,Germany,41,0.4468690702087287,0
474,14,complete,389,389,Mobile,Italy,26,1.0,1
475,17,complete,332,332,Tablet,Italy,59,1.0,1
476,7,stop,369,528,Tablet,Morocco,23,0.6988636363636364,0
477,17,stop,287,332,Mobile,Italy,46,0.8644578313253012,0
478,2,stop,336,414,Desktop,France,30,0.8115942028985508,0
479,6,complete,550,550,Mobile,Germany,23,1.0,1
480,13,complete,835,858,Desktop,Italy,33,0.9731934731934732,1
481,20,stop,378,523,Desktop,France,28,0.722753346080306,0
482,17,stop,185,332,Tablet,Morocco,60,0.5572289156626506,0
483,8,stop,189,442,Tablet,Italy,44,0.4276018099547511,0
484,9,stop,833,1054,Mobile,Italy,32,0.7903225806451613,0
485,1,stop,571,954,Tablet,Germany,52,0.5985324947589099,0
486,8,stop,205,442,Desktop,France,41,0.4638009049773756,0
487,11,stop,615,992,Tablet,Morocco,52,0.6199596774193549,0
488,16,stop,390,732,Desktop,Spain,18,0.5327868852459017,0
489,16,complete,732,732,Desktop,Morocco,60,1.0,1
490,4,stop,980,1059,Mobile,Germany,53,0.9254013220018886,0
491,8,stop,330,442,Mobile,France,34,0.746606334841629,0
492,7,complete,528,528,Tablet,Morocco,32,1.0,1
493,14,stop,297,389,Desktop,Spain,21,0.7634961439588689,0
494,4,stop,611,1059,Desktop,France,53,0.5769593956562795,0
495,7,complete,528,528,Desktop,Germany,24,1.0,1
496,12,stop,907,1058,Mobile,Germany,58,0.8572778827977315,0
497,7,stop,286,528,Tablet,France,50,0.5416666666666666,0
498,10,stop,287,404,Desktop,Morocco,35,0.7103960396039604,0
499,7,stop,303,528,Tablet,France,18,0.5738636363636364,0
500,20,stop,247,523,Mobile,Spain,21,0.4722753346080306,0
501,18,stop,308,330,Tablet,Italy,24,0.9333333333333333,0
502,13,complete,858,858,Desktop,Germany,32,1.0,1
503,1,stop,448,954,Tablet,France,42,0.469601677148847,0
504,11,stop,855,992,Tablet,France,30,0.8618951612903226,0
505,4,stop,656,1059,Mobile,Morocco,25,0.619452313503305,0
506,9,stop,687,1054,Tablet,France,18,0.6518026565464896,0
507,5,stop,366,581,Tablet,Morocco,42,0.6299483648881239,0
508,3,stop,187,325,Desktop,Spain,18,0.5753846153846154,0
509,12,stop,803,1058,Mobile,Morocco,36,0.7589792060491494,0
510,5,stop,339,581,Tablet,Italy,37,0.5834767641996558,0
511,15,stop,726,904,Tablet,Spain,54,0.8030973451327433,0
512,11,stop,734,992,Desktop,Morocco,36,0.7399193548387096,0
513,17,stop,233,332,Desktop,Italy,27,0.7018072289156626,0
514,15,stop,513,904,Desktop,France,32,0.5674778761061947,0
515,14,stop,246,389,Desktop,Germany,33,0.6323907455012854,0
516,10,stop,364,404,Tablet,France,49,0.900990099009901,0
517,4,stop,900,1059,Tablet,Germany,20,0.8498583569405099,0
518,15,stop,501,904,Tablet,France,40,0.5542035398230089,0
519,9,stop,811,1054,Mobile,France,52,0.7694497153700189,0
520,14,stop,350,389,Mobile,Spain,28,0.8997429305912596,0
521,20,stop,217,523,Desktop,France,60,0.4149139579349904,0
522,11,stop,851,992,Desktop,Morocco,47,0.8578629032258065,0
523,1,stop,589,954,Mobile,Spain,19,0.6174004192872118,0
524,14,stop,336,389,Mobile,Spain,60,0.8637532133676092,0
525,4,stop,632,1059,Mobile,Italy,52,0.5967894239848914,0
526,12,stop,411,1058,Desktop,Italy,36,0.388468809073724,0
527,11,stop,421,992,Mobile,Morocco,54,0.42439516129032256,0
528,11,stop,753,992,Tablet,Morocco,45,0.7590725806451613,0
529,8,stop,354,442,Mobile,Morocco,52,0.8009049773755657,0
530,4,stop,602,1059,Desktop,Germany,56,0.5684608120868744,0
531,15,stop,793,904,Desktop,Morocco,37,0.8772123893805309,0
532,10,stop,168,404,Mobile,Germany,45,0.4158415841584158,0
533,9,stop,776,1054,Mobile,France,55,0.7362428842504743,0
534,17,stop,168,332,Mobile,Germany,19,0.5060240963855421,0
535,11,stop,614,992,Desktop,France,38,0.6189516129032258,0
536,14,stop,295,389,Mobile,Spain,30,0.7583547557840618,0
537,19,stop,228,395,Desktop,Germany,36,0.5772151898734177,0
538,10,stop,271,404,Mobile,Spain,40,0.6707920792079208,0
539,4,complete,1007,1059,Mobile,Italy,24,0.9508970727101038,1
540,19,stop,250,395,Mobile,Germany,60,0.6329113924050633,0
541,9,stop,966,1054,Mobile,France,40,0.9165085388994307,0
542,6,stop,288,550,Tablet,Spain,54,0.5236363636363637,0
543,12,stop,905,1058,Mobile,France,53,0.8553875236294896,0
544,16,complete,732,732,Desktop,Morocco,31,1.0,1
545,1,stop,243,954,Tablet,Spain,48,0.25471698113207547,0
546,17,stop,196,332,Desktop,Morocco,24,0.5903614457831325,0
547,9,stop,912,1054,Tablet,Germany,34,0.8652751423149905,0
548,18,stop,234,330,Mobile,Italy,29,0.7090909090909091,0
549,7,stop,435,528,Desktop,Italy,51,0.8238636363636364,0
550,5,stop,365,581,Tablet,Spain,57,0.6282271944922547,0
551,1,stop,732,954,Desktop,Spain,26,0.7672955974842768,0
552,10,stop,290,404,Tablet,Spain,29,0.7178217821782178,0
553,10,complete,397,404,Mobile,France,37,0.9826732673267327,1
554,15,stop,723,904,Mobile,Germany,47,0.7997787610619469,0
555,17,stop,271,332,Mobile,France,23,0.8162650602409639,0
556,17,stop,221,332,Tablet,France,31,0.6656626506024096,0
557,10,stop,263,404,Tablet,Spain,18,0.650990099009901,0
558,4,stop,702,1059,Desktop,Morocco,24,0.6628895184135978,0
559,16,stop,606,732,Mobile,Spain,36,0.8278688524590164,0
560,12,stop,704,1058,Desktop,Germany,47,0.665406427221172,0
561,16,stop,591,732,Mobile,Germany,56,0.8073770491803278,0
562,16,complete,732,732,Mobile,Morocco,33,1.0,1
563,6,stop,508,550,Mobile,Italy,30,0.9236363636363636,0
564,7,stop,361,528,Tablet,Germany,50,0.6837121212121212,0
565,17,complete,328,332,Mobile,France,25,0.9879518072289156,1
566,12,stop,707,1058,Desktop,Morocco,36,0.668241965973535,0
567,2,stop,141,414,Desktop,Germany,22,0.34057971014492755,0
568,20,stop,286,523,Tablet,France,40,0.5468451242829828,0
569,17,stop,124,332,Desktop,Spain,45,0.37349397590361444,0
570,8,stop,300,442,Desktop,France,19,0.6787330316742082,0
571,13,stop,646,858,Tablet,Morocco,45,0.752913752913753,0
572,8,complete,442,442,Desktop,France,21,1.0,1
573,8,stop,360,442,Mobile,Spain,41,0.8144796380090498,0
574,20,stop,369,523,Mobile,Spain,23,0.7055449330783938,0
575,15,stop,827,904,Desktop,France,49,0.9148230088495575,0
576,9,stop,324,1054,Tablet,Morocco,19,0.30740037950664134,0
577,10,stop,322,404,Tablet,Germany,45,0.7970297029702971,0
578,1,stop,862,954,Mobile,Spain,23,0.9035639412997903,0
579,20,stop,237,523,Tablet,Spain,22,0.45315487571701724,0
580,2,complete,405,414,Desktop,France,59,0.9782608695652174,1
581,8,stop,361,442,Mobile,France,22,0.8167420814479638,0
582,20,stop,348,523,Mobile,Spain,44,0.6653919694072657,0
583,11,stop,869,992,Tablet,Italy,55,0.876008064516129,0
584,19,complete,395,395,Mobile,Morocco,39,1.0,1
585,8,stop,347,442,Mobile,Germany,32,0.7850678733031674,0
586,5,stop,464,581,Tablet,Germany,58,0.7986230636833046,0
587,5,stop,382,581,Tablet,Italy,42,0.657487091222031,0
588,2,stop,240,414,Desktop,Spain,46,0.5797101449275363,0
589,6,stop,503,550,Tablet,Italy,50,0.9145454545454546,0
590,17,stop,192,332,Mobile,Spain,38,0.5783132530120482,0
591,7,stop,403,528,Mobile,Italy,35,0.7632575757575758,0
592,8,stop,289,442,Tablet,Spain,27,0.6538461538461539,0
593,7,stop,446,528,Desktop,Germany,19,0.8446969696969697,0
594,9,stop,860,1054,Desktop,Morocco,35,0.8159392789373814,0
595,1,complete,913,954,Desktop,Morocco,55,0.9570230607966457,1
596,10,stop,261,404,Desktop,Spain,60,0.6460396039603961,0
597,10,stop,281,404,Mobile,Germany,38,0.6955445544554455,0
598,16,stop,405,732,Mobile,Italy,44,0.5532786885245902,0
599,2,stop,273,414,Mobile,Germany,32,0.6594202898550725,0
600,20,stop,431,523,Mobile,Morocco,56,0.8240917782026769,0
601,8,stop,398,442,Mobile,Morocco,41,0.9004524886877828,0
602,2,stop,234,414,Desktop,Spain,37,0.5652173913043478,0
603,9,stop,973,1054,Desktop,France,22,0.9231499051233396,0
604,13,complete,858,858,Desktop,Germany,43,1.0,1
605,5,stop,483,581,Desktop,Spain,54,0.8313253012048193,0
606,4,complete,1059,1059,Mobile,France,42,1.0,1
607,11,stop,590,992,Tablet,Morocco,28,0.594758064516129,0
608,14,stop,194,389,Tablet,Spain,41,0.4987146529562982,0
609,3,stop,128,325,Tablet,Morocco,24,0.39384615384615385,0
610,19,complete,395,395,Tablet,Germany,39,1.0,1
611,20,stop,460,523,Desktop,Morocco,28,0.8795411089866156,0
612,11,stop,732,992,Tablet,France,56,0.7379032258064516,0
613,7,stop,425,528,Mobile,Spain,29,0.8049242424242424,0
614,13,stop,450,858,Desktop,Spain,35,0.5244755244755245,0
615,4,complete,1059,1059,Desktop,Spain,19,1.0,1
616,3,stop,252,325,Desktop,Germany,20,0.7753846153846153,0
617,12,stop,816,1058,Desktop,Spain,47,0.7712665406427222,0
618,5,stop,520,581,Mobile,France,42,0.8950086058519794,0
619,17,stop,280,332,Mobile,Morocco,20,0.8433734939759037,0
620,10,stop,321,404,Desktop,Spain,50,0.7945544554455446,0
621,6,stop,325,550,Mobile,Morocco,47,0.5909090909090909,0
622,1,stop,805,954,Desktop,Germany,48,0.8438155136268344,0
623,17,complete,332,332,Desktop,Germany,45,1.0,1
624,19,complete,395,395,Desktop,Morocco,60,1.0,1
625,8,complete,442,442,Desktop,Italy,41,1.0,1
626,10,stop,261,404,Tablet,Germany,56,0.6460396039603961,0
627,12,stop,584,1058,Mobile,Spain,50,0.5519848771266541,0
628,17,stop,240,332,Desktop,Germany,23,0.7228915662650602,0
629,13,stop,653,858,Mobile,France,37,0.7610722610722611,0
630,9,complete,1021,1054,Desktop,Italy,57,0.9686907020872866,1
631,17,stop,136,332,Tablet,Germany,20,0.40963855421686746,0
632,4,complete,1059,1059,Mobile,Italy,23,1.0,1
633,10,stop,290,404,Mobile,France,44,0.7178217821782178,0
634,11,stop,659,992,Desktop,France,57,0.6643145161290323,0
635,3,stop,177,325,Tablet,Germany,53,0.5446153846153846,0
636,11,stop,415,992,Mobile,Germany,19,0.4183467741935484,0
637,4,stop,968,1059,Desktop,Germany,31,0.9140698772426817,0
638,15,stop,691,904,Tablet,Morocco,24,0.7643805309734514,0
639,17,stop,163,332,Desktop,Morocco,47,0.49096385542168675,0
640,11,stop,487,992,Desktop,Spain,22,0.4909274193548387,0
641,6,stop,375,550,Desktop,Germany,22,0.6818181818181818,0
642,20,complete,523,523,Tablet,Italy,19,1.0,1
643,4,stop,739,1059,Tablet,Morocco,41,0.6978281397544853,0
644,12,stop,475,1058,Tablet,Spain,36,0.44896030245746693,0
645,12,stop,741,1058,Tablet,Italy,51,0.7003780718336484,0
646,4,stop,736,1059,Tablet,Morocco,40,0.6949952785646837,0
647,17,stop,69,332,Desktop,Morocco,34,0.20783132530120482,0
648,6,stop,406,550,Tablet,Morocco,32,0.7381818181818182,0
649,2,stop,291,414,Desktop,Morocco,33,0.7028985507246377,0
650,4,stop,941,1059,Mobile,France,48,0.8885741265344664,0
651,15,complete,904,904,Desktop,Morocco,49,1.0,1
652,13,complete,836,858,Desktop,Morocco,57,0.9743589743589743,1
653,5,stop,404,581,Mobile,Spain,19,0.6953528399311532,0
654,9,stop,557,1054,Desktop,France,33,0.5284629981024668,0
655,12,complete,1058,1058,Mobile,Spain,25,1.0,1
656,1,stop,726,954,Desktop,France,59,0.7610062893081762,0
657,19,stop,297,395,Mobile,Italy,59,0.7518987341772152,0
658,3,stop,242,325,Desktop,Italy,39,0.7446153846153846,0
659,1,stop,753,954,Tablet,Germany,19,0.789308176100629,0
660,11,stop,715,992,Mobile,Morocco,60,0.7207661290322581,0
661,4,stop,672,1059,Desktop,Morocco,50,0.6345609065155807,0
662,4,stop,678,1059,Mobile,Spain,37,0.6402266288951841,0
663,1,stop,709,954,Desktop,Italy,27,0.7431865828092243,0
664,9,stop,675,1054,Tablet,Spain,19,0.6404174573055028,0
665,1,stop,579,954,Mobile,Germany,48,0.6069182389937107,0
666,10,stop,311,404,Tablet,France,33,0.7698019801980198,0
667,9,stop,736,1054,Desktop,Spain,45,0.698292220113852,0
668,18,complete,330,330,Mobile,France,35,1.0,1
669,4,stop,232,1059,Tablet,Spain,51,0.2190745986779981,0
670,5,complete,562,581,Mobile,Spain,46,0.9672977624784854,1
671,12,complete,1057,1058,Tablet,Italy,27,0.999054820415879,1
672,7,stop,177,528,Tablet,Italy,56,0.3352272727272727,0
673,8,stop,301,442,Mobile,Morocco,59,0.6809954751131222,0
674,19,stop,266,395,Tablet,Morocco,31,0.6734177215189874,0
675,15,stop,423,904,Mobile,France,52,0.46792035398230086,0
676,16,stop,435,732,Mobile,Morocco,51,0.5942622950819673,0
677,9,stop,556,1054,Mobile,Italy,39,0.5275142314990512,0
678,13,complete,858,858,Desktop,Italy,24,1.0,1
679,14,stop,364,389,Tablet,France,31,0.9357326478149101,0
680,12,complete,1058,1058,Mobile,Morocco,35,1.0,1
681,15,stop,808,904,Mobile,Morocco,28,0.8938053097345132,0
682,10,stop,211,404,Tablet,Italy,23,0.5222772277227723,0
683,8,stop,285,442,Desktop,Morocco,46,0.6447963800904978,0
684,18,stop,279,330,Tablet,Morocco,44,0.8454545454545455,0
685,9,stop,532,1054,Mobile,Spain,41,0.5047438330170778,0
686,16,stop,653,732,Tablet,Spain,24,0.8920765027322405,0
687,3,stop,228,325,Tablet,Spain,54,0.7015384615384616,0
688,13,stop,579,858,Desktop,Germany,37,0.6748251748251748,0
689,14,stop,347,389,Tablet,Morocco,30,0.8920308483290489,0
690,13,stop,719,858,Mobile,Germany,48,0.837995337995338,0
691,3,stop,220,325,Desktop,Morocco,58,0.676923076923077,0
692,12,complete,1038,1058,Tablet,Morocco,46,0.9810964083175804,1
693,3,stop,173,325,Mobile,Morocco,41,0.5323076923076923,0
694,2,stop,361,414,Mobile,Italy,24,0.8719806763285024,0
695,7,stop,458,528,Mobile,Spain,26,0.8674242424242424,0
696,2,stop,284,414,Tablet,France,30,0.6859903381642513,0
697,2,stop,337,414,Tablet,France,21,0.8140096618357487,0
698,2,stop,206,414,Desktop,France,47,0.4975845410628019,0
699,20,stop,488,523,Desktop,France,42,0.9330783938814532,0
700,9,stop,751,1054,Mobile,Italy,58,0.7125237191650854,0
701,16,stop,472,732,Desktop,Morocco,52,0.644808743169399,0
702,7,complete,506,528,Desktop,Italy,49,0.9583333333333334,1
703,11,stop,604,992,Desktop,Italy,18,0.6088709677419355,0
704,15,stop,423,904,Desktop,Morocco,56,0.46792035398230086,0
705,4,stop,464,1059,Tablet,Morocco,18,0.4381491973559962,0
706,13,stop,747,858,Mobile,Italy,42,0.8706293706293706,0
707,18,stop,162,330,Desktop,Germany,26,0.4909090909090909,0
708,15,complete,904,904,Mobile,Germany,47,1.0,1
709,18,stop,110,330,Desktop,Germany,51,0.3333333333333333,0
710,13,complete,858,858,Tablet,Morocco,35,1.0,1
711,12,stop,838,1058,Desktop,Morocco,31,0.7920604914933838,0
712,15,stop,660,904,Desktop,France,26,0.7300884955752213,0
713,13,stop,549,858,Desktop,France,60,0.6398601398601399,0
714,6,stop,456,550,Desktop,Morocco,37,0.8290909090909091,0
715,1,stop,708,954,Mobile,Germany,30,0.7421383647798742,0
716,11,complete,962,992,Tablet,France,19,0.969758064516129,1
717,17,stop,256,332,Desktop,Germany,30,0.7710843373493976,0
718,2,stop,322,414,Mobile,Morocco,50,0.7777777777777778,0
719,6,stop,372,550,Mobile,Italy,36,0.6763636363636364,0
720,10,stop,298,404,Desktop,France,21,0.7376237623762376,0
721,1,stop,774,954,Tablet,France,38,0.8113207547169812,0
722,13,stop,350,858,Mobile,Germany,46,0.40792540792540793,0
723,1,stop,458,954,Mobile,Morocco,27,0.480083857442348,0
724,6,stop,494,550,Mobile,France,40,0.8981818181818182,0
725,12,stop,829,1058,Tablet,Morocco,41,0.7835538752362949,0
726,16,stop,522,732,Desktop,Spain,50,0.7131147540983607,0
727,2,stop,312,414,Mobile,Morocco,32,0.7536231884057971,0
728,7,stop,432,528,Tablet,Morocco,56,0.8181818181818182,0
729,7,stop,339,528,Desktop,Spain,19,0.6420454545454546,0
730,11,stop,589,992,Desktop,Spain,47,0.59375,0
731,19,stop,311,395,Tablet,France,50,0.7873417721518987,0
732,12,stop,586,1058,Mobile,Spain,23,0.553875236294896,0
733,8,stop,367,442,Mobile,France,20,0.830316742081448,0
734,10,stop,165,404,Mobile,France,60,0.4084158415841584,0
735,8,complete,422,442,Tablet,Germany,18,0.9547511312217195,1
736,6,stop,464,550,Desktop,Italy,34,0.8436363636363636,0
737,7,stop,423,528,Desktop,Italy,37,0.8011363636363636,0
738,6,stop,520,550,Mobile,Morocco,49,0.9454545454545454,0
739,1,complete,954,954,Mobile,France,37,1.0,1
740,18,complete,314,330,Mobile,Spain,19,0.9515151515151515,1
741,3,stop,124,325,Mobile,Spain,48,0.38153846153846155,0
742,7,stop,260,528,Desktop,Germany,18,0.49242424242424243,0
743,2,stop,258,414,Mobile,Spain,23,0.6231884057971014,0
744,18,stop,249,330,Desktop,Spain,58,0.7545454545454545,0
745,16,stop,624,732,Tablet,Italy,44,0.8524590163934426,0
746,19,stop,238,395,Desktop,Morocco,43,0.6025316455696202,0
747,6,stop,433,550,Tablet,Morocco,39,0.7872727272727272,0
748,15,stop,541,904,Desktop,Morocco,18,0.5984513274336283,0
749,4,stop,664,1059,Mobile,Spain,60,0.6270066100094429,0
750,12,stop,495,1058,Tablet,Germany,19,0.4678638941398866,0
751,15,stop,511,904,Desktop,Italy,44,0.5652654867256637,0
752,4,stop,507,1059,Tablet,Italy,49,0.47875354107648727,0
753,2,stop,229,414,Mobile,Morocco,32,0.5531400966183575,0
754,4,complete,1017,1059,Desktop,Morocco,26,0.9603399433427762,1
755,14,stop,217,389,Desktop,Italy,20,0.5578406169665809,0
756,1,complete,954,954,Desktop,Italy,60,1.0,1
757,12,stop,897,1058,Mobile,Germany,56,0.8478260869565217,0
758,20,stop,411,523,Mobile,Spain,48,0.7858508604206501,0
759,11,stop,573,992,Desktop,Germany,39,0.5776209677419355,0
760,14,stop,346,389,Tablet,Morocco,57,0.8894601542416453,0
761,17,stop,210,332,Desktop,France,36,0.6325301204819277,0
762,16,stop,566,732,Mobile,Morocco,43,0.773224043715847,0
763,7,complete,528,528,Mobile,France,45,1.0,1
764,14,stop,284,389,Desktop,France,60,0.7300771208226221,0
765,18,complete,323,330,Mobile,Morocco,27,0.9787878787878788,1
766,16,stop,446,732,Desktop,France,33,0.6092896174863388,0
767,8,stop,328,442,Desktop,France,44,0.7420814479638009,0
768,14,complete,389,389,Tablet,Spain,38,1.0,1
769,10,stop,252,404,Desktop,Germany,56,0.6237623762376238,0
770,1,complete,954,954,Mobile,Italy,40,1.0,1
771,10,stop,360,404,Desktop,Italy,22,0.8910891089108911,0
772,14,stop,247,389,Desktop,Morocco,19,0.6349614395886889,0
773,15,stop,792,904,Tablet,Spain,29,0.8761061946902655,0
774,13,stop,810,858,Tablet,Italy,43,0.9440559440559441,0
775,1,stop,834,954,Desktop,Germany,58,0.8742138364779874,0
776,13,stop,374,858,Tablet,Germany,22,0.4358974358974359,0
777,5,stop,351,581,Tablet,Italy,35,0.6041308089500861,0
778,19,stop,276,395,Desktop,Germany,49,0.6987341772151898,0
779,15,stop,664,904,Tablet,Spain,27,0.7345132743362832,0
780,4,stop,925,1059,Desktop,Germany,39,0.8734655335221907,0
781,4,stop,831,1059,Desktop,Italy,32,0.7847025495750708,0
782,12,stop,510,1058,Desktop,Spain,33,0.4820415879017013,0
783,1,stop,788,954,Desktop,Italy,45,0.8259958071278826,0
784,6,stop,479,550,Mobile,Germany,24,0.8709090909090909,0
785,16,stop,630,732,Mobile,Spain,50,0.860655737704918,0
786,19,complete,381,395,Desktop,Germany,45,0.9645569620253165,1
787,6,stop,504,550,Mobile,Morocco,40,0.9163636363636364,0
788,14,stop,327,389,Tablet,Spain,54,0.8406169665809768,0
789,16,stop,538,732,Mobile,Morocco,29,0.7349726775956285,0
790,13,stop,358,858,Tablet,Italy,57,0.4172494172494173,0
791,2,stop,346,414,Mobile,Spain,19,0.8357487922705314,0
792,11,stop,785,992,Tablet,Morocco,46,0.7913306451612904,0
793,10,stop,324,404,Tablet,France,49,0.801980198019802,0
794,7,stop,261,528,Desktop,Germany,23,0.4943181818181818,0
795,9,stop,562,1054,Mobile,Morocco,45,0.5332068311195446,0
796,4,complete,1017,1059,Mobile,Spain,25,0.9603399433427762,1
797,13,stop,636,858,Mobile,France,50,0.7412587412587412,0
798,15,stop,801,904,Desktop,France,54,0.8860619469026548,0
799,14,stop,293,389,Mobile,France,24,0.7532133676092545,0
800,17,stop,250,332,Mobile,France,49,0.7530120481927711,0
801,20,stop,490,523,Desktop,Spain,25,0.9369024856596558,0
802,3,stop,210,325,Tablet,Italy,54,0.6461538461538462,0
803,13,stop,659,858,Desktop,Spain,44,0.7680652680652681,0
804,4,stop,696,1059,Tablet,France,48,0.6572237960339944,0
805,19,stop,261,395,Mobile,Spain,33,0.660759493670886,0
806,5,stop,399,581,Tablet,Morocco,59,0.6867469879518072,0
807,7,stop,419,528,Tablet,France,18,0.7935606060606061,0
808,5,stop,380,581,Desktop,Germany,40,0.6540447504302926,0
809,2,complete,414,414,Tablet,Germany,51,1.0,1
810,9,stop,601,1054,Mobile,Germany,35,0.5702087286527514,0
811,4,stop,754,1059,Desktop,Spain,34,0.7119924457034938,0
812,9,stop,697,1054,Tablet,Morocco,58,0.6612903225806451,0
813,3,complete,325,325,Desktop,Italy,46,1.0,1
814,15,stop,713,904,Desktop,France,39,0.7887168141592921,0
815,1,complete,912,954,Mobile,Spain,40,0.9559748427672956,1
816,3,stop,147,325,Desktop,Germany,42,0.4523076923076923,0
817,4,stop,850,1059,Desktop,Morocco,31,0.8026440037771483,0
818,11,stop,920,992,Mobile,Italy,31,0.9274193548387096,0
819,5,stop,445,581,Desktop,France,50,0.76592082616179,0
820,7,complete,508,528,Desktop,Morocco,58,0.9621212121212122,1
821,1,stop,616,954,Tablet,France,23,0.6457023060796646,0
822,4,complete,1059,1059,Tablet,Spain,36,1.0,1
823,2,complete,414,414,Mobile,Spain,28,1.0,1
824,1,stop,646,954,Tablet,Italy,29,0.6771488469601677,0
825,7,stop,348,528,Tablet,France,43,0.6590909090909091,0
826,10,complete,404,404,Mobile,Spain,28,1.0,1
827,13,complete,858,858,Desktop,Spain,41,1.0,1
828,17,stop,214,332,Tablet,Morocco,35,0.6445783132530121,0
829,10,stop,269,404,Tablet,France,36,0.6658415841584159,0
830,4,stop,734,1059,Mobile,Morocco,27,0.6931067044381491,0
831,11,stop,477,992,Mobile,France,47,0.4808467741935484,0
832,1,stop,540,954,Desktop,Germany,39,0.5660377358490566,0
833,2,stop,227,414,Desktop,Spain,56,0.5483091787439613,0
834,8,stop,263,442,Mobile,Italy,48,0.5950226244343891,0
835,7,stop,392,528,Tablet,Italy,50,0.7424242424242424,0
836,1,stop,760,954,Mobile,Morocco,49,0.7966457023060797,0
837,7,complete,528,528,Desktop,Morocco,31,1.0,1
838,2,stop,227,414,Desktop,Morocco,37,0.5483091787439613,0
839,10,stop,382,404,Desktop,Germany,60,0.9455445544554455,0
840,1,stop,674,954,Tablet,France,50,0.7064989517819706,0
841,13,stop,635,858,Tablet,Spain,53,0.7400932400932401,0
842,10,stop,357,404,Tablet,Italy,30,0.8836633663366337,0
843,1,stop,501,954,Tablet,Germany,27,0.5251572327044025,0
844,8,stop,365,442,Tablet,Morocco,60,0.8257918552036199,0
845,14,stop,304,389,Mobile,France,53,0.781491002570694,0
846,18,stop,280,330,Mobile,Italy,42,0.8484848484848485,0
847,7,stop,426,528,Tablet,Spain,54,0.8068181818181818,0
848,2,complete,414,414,Desktop,Morocco,48,1.0,1
849,7,stop,328,528,Tablet,Spain,19,0.6212121212121212,0
850,17,stop,213,332,Desktop,Italy,46,0.641566265060241,0
851,16,stop,457,732,Mobile,Germany,56,0.6243169398907104,0
852,16,stop,467,732,Tablet,Germany,42,0.6379781420765027,0
853,5,stop,361,581,Mobile,Spain,28,0.621342512908778,0
854,1,complete,942,954,Mobile,France,32,0.9874213836477987,1
855,4,complete,1059,1059,Mobile,Germany,52,1.0,1
856,14,stop,247,389,Desktop,Spain,32,0.6349614395886889,0
857,14,stop,226,389,Mobile,France,47,0.5809768637532133,0
858,5,stop,490,581,Desktop,Spain,18,0.8433734939759037,0
859,9,stop,674,1054,Mobile,Italy,27,0.6394686907020873,0
860,2,stop,362,414,Mobile,France,56,0.8743961352657005,0
861,20,stop,413,523,Tablet,Italy,58,0.7896749521988528,0
862,13,stop,383,858,Mobile,Germany,48,0.44638694638694637,0
863,13,complete,858,858,Tablet,Morocco,57,1.0,1
864,11,complete,992,992,Tablet,Germany,54,1.0,1
865,19,stop,247,395,Desktop,Spain,43,0.6253164556962025,0
866,16,stop,492,732,Desktop,Spain,42,0.6721311475409836,0
867,12,stop,853,1058,Desktop,Germany,51,0.8062381852551985,0
868,2,stop,338,414,Desktop,Spain,31,0.8164251207729468,0
869,17,stop,292,332,Desktop,Morocco,45,0.8795180722891566,0
870,10,complete,404,404,Desktop,France,40,1.0,1
871,17,stop,237,332,Tablet,Italy,40,0.713855421686747,0
872,2,stop,244,414,Mobile,Italy,50,0.5893719806763285,0
873,9,stop,499,1054,Tablet,Spain,55,0.47343453510436434,0
874,1,stop,576,954,Desktop,France,27,0.6037735849056604,0
875,6,stop,408,550,Tablet,France,36,0.7418181818181818,0
876,15,complete,904,904,Tablet,Spain,59,1.0,1
877,17,stop,214,332,Desktop,Germany,34,0.6445783132530121,0
878,17,stop,263,332,Tablet,France,60,0.7921686746987951,0
879,5,stop,433,581,Tablet,France,38,0.7452667814113597,0
880,3,complete,320,325,Mobile,Morocco,30,0.9846153846153847,1
881,19,complete,395,395,Tablet,Morocco,44,1.0,1
882,6,stop,354,550,Mobile,Spain,33,0.6436363636363637,0
883,16,stop,477,732,Desktop,Morocco,43,0.6516393442622951,0
884,15,complete,866,904,Desktop,Morocco,21,0.9579646017699115,1
885,15,stop,801,904,Tablet,Italy,50,0.8860619469026548,0
886,19,complete,395,395,Mobile,France,47,1.0,1
887,19,stop,342,395,Tablet,Spain,60,0.8658227848101265,0
888,16,stop,496,732,Desktop,Morocco,55,0.6775956284153005,0
889,3,stop,282,325,Desktop,France,42,0.8676923076923077,0
890,17,complete,322,332,Mobile,Morocco,30,0.9698795180722891,1
891,6,stop,502,550,Mobile,Spain,51,0.9127272727272727,0
892,12,stop,900,1058,Mobile,Germany,22,0.8506616257088847,0
893,3,complete,313,325,Tablet,Morocco,19,0.963076923076923,1
894,3,complete,319,325,Mobile,Germany,55,0.9815384615384616,1
895,1,complete,954,954,Desktop,Spain,20,1.0,1
896,14,stop,342,389,Tablet,Morocco,24,0.8791773778920309,0
897,15,stop,647,904,Desktop,Morocco,55,0.7157079646017699,0
898,17,stop,258,332,Tablet,Spain,46,0.7771084337349398,0
899,7,complete,523,528,Tablet,Germany,28,0.990530303030303,1
900,9,stop,618,1054,Mobile,Germany,45,0.5863377609108159,0
901,9,stop,868,1054,Tablet,France,38,0.8235294117647058,0
902,5,stop,390,581,Desktop,Germany,36,0.6712564543889845,0
903,10,stop,305,404,Tablet,Italy,25,0.754950495049505,0
904,5,complete,581,581,Desktop,Morocco,47,1.0,1
905,18,stop,260,330,Desktop,Morocco,41,0.7878787878787878,0
906,5,stop,441,581,Desktop,France,46,0.7590361445783133,0
907,5,stop,277,581,Desktop,France,46,0.47676419965576594,0
908,12,stop,951,1058,Mobile,France,52,0.8988657844990549,0
909,4,stop,930,1059,Mobile,France,55,0.8781869688385269,0
910,8,complete,442,442,Tablet,Spain,57,1.0,1
911,18,stop,227,330,Desktop,France,50,0.6878787878787879,0
912,17,stop,263,332,Desktop,Italy,20,0.7921686746987951,0
913,19,stop,315,395,Desktop,Germany,19,0.7974683544303798,0
914,20,complete,523,523,Tablet,Morocco,31,1.0,1
915,5,stop,424,581,Mobile,France,57,0.729776247848537,0
916,3,stop,261,325,Tablet,Morocco,34,0.803076923076923,0
917,13,stop,747,858,Mobile,Italy,27,0.8706293706293706,0
918,3,stop,255,325,Mobile,Spain,55,0.7846153846153846,0
919,16,stop,483,732,Mobile,Morocco,42,0.6598360655737705,0
920,5,stop,458,581,Desktop,Italy,55,0.7882960413080895,0
921,9,complete,1016,1054,Tablet,Italy,57,0.9639468690702088,1
922,11,stop,540,992,Tablet,Italy,40,0.5443548387096774,0
923,20,stop,406,523,Desktop,Germany,19,0.7762906309751434,0
924,18,stop,201,330,Desktop,France,48,0.6090909090909091,0
925,6,complete,543,550,Tablet,Italy,40,0.9872727272727273,1
926,17,stop,147,332,Mobile,Morocco,48,0.4427710843373494,0
927,13,stop,547,858,Tablet,France,47,0.6375291375291375,0
928,9,stop,870,1054,Desktop,France,45,0.825426944971537,0
929,10,complete,404,404,Tablet,Morocco,49,1.0,1
930,3,stop,239,325,Tablet,Germany,33,0.7353846153846154,0
931,17,stop,212,332,Desktop,Spain,57,0.6385542168674698,0
932,4,complete,1059,1059,Tablet,France,43,1.0,1
933,18,stop,151,330,Tablet,Germany,57,0.4575757575757576,0
934,5,stop,180,581,Tablet,Italy,21,0.3098106712564544,0
935,4,stop,887,1059,Mobile,Germany,26,0.8375826251180358,0
936,6,stop,357,550,Tablet,Italy,21,0.649090909090909,0
937,17,stop,181,332,Mobile,Germany,45,0.5451807228915663,0
938,20,stop,466,523,Tablet,Italy,48,0.8910133843212237,0
939,3,stop,259,325,Tablet,Italy,21,0.796923076923077,0
940,10,stop,257,404,Mobile,Italy,38,0.6361386138613861,0
941,9,stop,520,1054,Mobile,Italy,42,0.49335863377609107,0
942,8,stop,408,442,Mobile,France,46,0.9230769230769231,0
943,14,stop,342,389,Mobile,Italy,30,0.8791773778920309,0
944,17,stop,242,332,Tablet,Italy,25,0.7289156626506024,0
945,6,complete,550,550,Mobile,Germany,22,1.0,1
946,1,stop,511,954,Tablet,Spain,26,0.5356394129979035,0
947,18,stop,146,330,Desktop,Spain,23,0.44242424242424244,0
948,9,stop,644,1054,Desktop,Morocco,27,0.6110056925996205,0
949,5,stop,430,581,Desktop,Spain,49,0.7401032702237521,0
950,2,stop,330,414,Mobile,Morocco,31,0.7971014492753623,0
951,9,stop,739,1054,Desktop,France,23,0.7011385199240987,0
952,2,stop,339,414,Desktop,France,54,0.8188405797101449,0
953,12,stop,528,1058,Desktop,Germany,21,0.499054820415879,0
954,18,complete,330,330,Tablet,Spain,36,1.0,1
955,4,stop,776,1059,Mobile,France,57,0.732766761095373,0
956,8,complete,430,442,Mobile,Morocco,44,0.9728506787330317,1
957,18,stop,270,330,Tablet,Morocco,53,0.8181818181818182,0
958,5,stop,488,581,Tablet,France,39,0.8399311531841652,0
959,11,stop,857,992,Desktop,France,49,0.8639112903225806,0
960,8,stop,371,442,Mobile,Spain,23,0.8393665158371041,0
961,14,stop,341,389,Tablet,France,23,0.8766066838046273,0
962,19,complete,395,395,Mobile,Germany,58,1.0,1
963,12,stop,835,1058,Tablet,Italy,41,0.7892249527410208,0
964,20,stop,466,523,Tablet,Morocco,52,0.8910133843212237,0
965,18,stop,241,330,Desktop,France,52,0.7303030303030303,0
966,9,complete,1054,1054,Tablet,Morocco,31,1.0,1
967,19,stop,242,395,Desktop,Germany,20,0.6126582278481013,0
968,4,complete,1059,1059,Desktop,Germany,43,1.0,1
969,1,stop,707,954,Tablet,Italy,26,0.7410901467505241,0
970,4,stop,491,1059,Tablet,Germany,31,0.4636449480642115,0
971,2,stop,321,414,Mobile,Morocco,48,0.7753623188405797,0
972,11,stop,608,992,Mobile,France,60,0.6129032258064516,0
973,17,stop,304,332,Tablet,France,22,0.9156626506024096,0
974,7,stop,327,528,Desktop,Spain,27,0.6193181818181818,0
975,5,stop,383,581,Tablet,France,44,0.6592082616179001,0
976,4,stop,394,1059,Tablet,Italy,32,0.3720491029272899,0
977,6,stop,362,550,Tablet,Italy,31,0.6581818181818182,0
978,7,stop,140,528,Desktop,Germany,49,0.26515151515151514,0
979,14,stop,168,389,Mobile,Germany,20,0.4318766066838046,0
980,13,stop,773,858,Mobile,Spain,21,0.9009324009324009,0
981,11,stop,899,992,Tablet,Italy,38,0.90625,0
982,8,stop,369,442,Desktop,Spain,47,0.834841628959276,0
983,17,stop,184,332,Mobile,Germany,19,0.5542168674698795,0
984,9,stop,780,1054,Mobile,Spain,47,0.7400379506641366,0
985,12,stop,792,1058,Desktop,Italy,18,0.7485822306238186,0
986,10,stop,209,404,Desktop,Spain,59,0.5173267326732673,0
987,11,complete,992,992,Mobile,Morocco,21,1.0,1
988,17,stop,307,332,Mobile,Spain,35,0.9246987951807228,0
989,1,stop,673,954,Tablet,Italy,44,0.7054507337526206,0
990,15,stop,682,904,Tablet,France,19,0.754424778761062,0
991,13,stop,679,858,Tablet,France,49,0.7913752913752914,0
992,15,stop,308,904,Desktop,Italy,30,0.3407079646017699,0
993,8,stop,309,442,Mobile,Morocco,26,0.6990950226244343,0
994,17,stop,203,332,Desktop,Morocco,42,0.6114457831325302,0
995,18,stop,181,330,Desktop,Italy,53,0.5484848484848485,0
996,16,stop,507,732,Tablet,Germany,34,0.6926229508196722,0
997,19,complete,395,395,Desktop,Morocco,29,1.0,1
998,16,stop,642,732,Desktop,France,59,0.8770491803278688,0
999,8,stop,281,442,Tablet,Germany,60,0.6357466063348416,0
1000,3,stop,280,325,Mobile,France,45,0.8615384615384616,0
